GM,TSLA,YNDX
16.299799,28.08,19.74
16.377232,27.709999,19.15
17.167059,27.120001,19.290001
17.747812,26.91,18.610001
17.685862,27.25,18.73
17.995596,27.620001,18.860001
18.94803,28.23,19.200001
19.102901,28.25,19.049999
18.808653,22.790001,18.6
18.738966,26.6,18.299999
18.979008,26.809999,18.52
19.219051,26.76,18.75
19.358431,26.6,18.74
19.296488,26.77,18.440001
19.195822,27.42,18.719999
19.296488,27.969999,19.790001
19.141615,28.940001,20.889999
18.870598,29.33,20.700001
18.762188,29.57,20.24
18.599579,29.07,20.34
18.870598,29.58,20.65
18.824135,30.25,21.389999
20.272152,31.15,21.82
20.674807,31.799999,21.5
20.303123,31.6,21.5
19.939188,31.93,21.9
19.93144,32.580002,22.139999
19.745598,31.1,21.27
19.621706,31.49,20.940001
19.668163,33.169998,21.5
19.304226,33.599998,21.57
21.03874,34.18,21.709999
21.170383,34.970001,22.059999
20.953562,34.5,23.57
20.558653,34.220001,22.629999
20.744495,34.529999,22.969999
20.186968,33.75,22.700001
20.488966,33.619999,22.16
20.241179,33.810001,22.01
20.148256,33.41,21.299999
20.496706,34.41,21.6
20.48122,34.040001,23.26
20.132767,33.77,23.190001
19.033211,33.110001,23.129999
19.265512,33.119999,23.139999
19.706886,33.07,23.950001
19.838526,34.740002,23.469999
19.660421,36.009998,22.940001
20.186968,36.09,23.5
20.380556,35.290001,24.1
20.171482,35,23.969999
19.799809,35.32,24.68
19.660421,34.98,24.49
19.428122,34.959999,24.030001
19.582989,35.150002,24.209999
19.39715,34.400002,23.75
19.490067,34.080002,24.01
19.807545,37.400002,24.280001
19.629454,37.939999,24.950001
19.474583,37.849998,25
19.598475,37.330002,25.35
19.861748,37.240002,26.870001
20.721268,36.580002,27.01
19.776573,38.009998,26.67
19.435862,35,26.040001
19.211304,34.48,26.620001
18.738966,33.150002,26.6
18.359537,32.459999,25.57
18.607323,33.09,26.25
18.816395,33.439999,26.57
18.429222,33.59,26.559999
18.134977,32.25,26.459999
18.615068,32.240002,27.129999
18.700247,32.66,26.91
18.591839,33.16,27.299999
18.274361,33.16,26.65
17.771038,31.940001,25.84
17.724577,31.82,24.540001
18.049801,32.91,24.540001
18.367279,33.490002,23.370001
18.220156,33.34,24.690001
17.809759,33.130001,23.719999
18.049801,33.779999,23.92
17.755552,33.939999,24.08
17.321924,32.459999,23.93
17.314184,31.83,23.35
17.352896,32.470001,22.57
17.213516,30.190001,21.82
17.376129,30.059999,21.799999
17.321924,32.959999,21.93
17.035419,32.25,22.4
16.748919,30.059999,21.530001
16.586308,29.43,21.469999
16.965731,29.18,22.18
16.733431,28.57,21
16.400461,27.559999,20.469999
16.679226,28.77,21.25
16.648249,30.799999,21.16
17.136084,31.02,20.92
17.066395,30.280001,20.280001
17.376129,29.809999,20.450001
17.693604,31.690001,21.049999
17.321924,30.41,20.42
17.190289,29.5,19.93
17.043163,28.15,18.49
16.346258,27.879999,19.08
16.454666,27.91,18.950001
16.903784,29.219999,18.790001
16.91927,28.93,18.879999
17.074137,30.08,18.950001
16.973471,29.120001,17.709999
17.167059,29.66,17.43
16.934759,29.77,17.18
16.880548,29.389999,16.66
16.834095,29.91,17.559999
16.594044,31.84,18.559999
16.834095,32.09,18.809999
16.632761,33.779999,18.559999
15.982321,32.189999,17.74
15.951349,33.790001,17.83
15.417055,33.110001,17.309999
15.370594,31.610001,17.370001
15.223468,31.959999,17.860001
15.347367,31.41,17.940001
15.269932,31.290001,19.049999
15.153781,30.4,18.969999
16.00555,30.66,19.27
15.904891,31.23,20.25
15.726789,30.99,18.9
15.657095,31.49,18.85
15.331879,31.27,18.35
15.40931,31.51,18.41
14.967939,32.700001,18.299999
15.192499,34.25,18.559999
15.006657,35.959999,17.84
15.177007,33.349998,18.01
15.540946,32.150002,18.690001
15.595152,32.27,19.450001
14.991171,31.790001,18.969999
14.94471,30.66,18.540001
14.727897,29.84,18.82
14.557546,28.950001,19
14.797585,28.129999,19
15.231213,29.51,20.219999
14.991171,27.35,20.83
15.262187,27.42,19.23
15.223468,26.25,19.74
14.820811,26.1,19.25
15.517718,27.27,20.469999
15.370594,28.27,21.33
15.811965,30.25,20.860001
15.780991,29.09,21.110001
15.990065,29.41,20.9
15.904891,29.940001,20.620001
15.850682,31.17,20.4
15.649354,29.42,20.200001
15.595152,29.4,20.129999
16.516615,30.299999,21.459999
17.043163,30.01,21.24
16.934759,29.51,20.889999
16.748919,29.110001,21.1
16.826351,29.950001,21.18
16.524357,30.73,20.99
16.400461,29.5,20.940001
16.431435,28.32,20.77
16.214628,28.690001,21.17
16.493383,28.41,21.110001
16.346258,28.41,20.41
16.532104,28.52,21.120001
16.501122,28.139999,21.299999
16.849581,27.940001,21.74
17.383873,28.549999,22.51
18.09626,29.35,22.950001
17.794271,27.370001,22.639999
17.786531,27.799999,22.49
17.910421,28.280001,23.4
18.220156,29.48,24.07
18.692503,30.389999,24.719999
18.429222,32.540001,24.91
18.917057,31.34,25.059999
19.16485,31.049999,24.83
18.909313,30.9,24.76
19.203564,30.02,24.49
18.862852,30.66,24.139999
18.212414,27.66,23.870001
18.111746,27.540001,23.35
17.949142,28.49,23.34
17.616173,29.280001,24.15
17.879448,29.16,24.440001
18.336308,29.799999,24.6
18.886084,29.299999,24.639999
19.08741,29.4,24.780001
19.203564,28.889999,24.200001
19.025465,29.25,24.139999
18.870598,28.370001,23.549999
18.762188,28.4,23.389999
19.09516,28.32,23.26
18.924803,27.639999,23.280001
18.955776,27.33,22.93
19.195822,28.059999,23.09
19.404892,28.82,22.93
19.792059,28.040001,22.41
19.040953,27.74,22.24
19.064188,27.85,22.25
18.483433,28.389999,22.15
18.344051,27.42,21.969999
18.29759,27.52,22.74
18.026566,27.379999,23.07
19.745598,28.129999,23.309999
19.884981,29.25,23
19.97016,28.92,22.77
19.799809,31.5,22.459999
20.27989,31.15,22.17
19.38166,31.540001,21.16
19.141615,31.309999,20.799999
19.389406,30.32,21.110001
19.559759,31.07,21.299999
19.219051,31.610001,20.860001
18.715731,31.379999,21.27
18.491175,30.82,21.049999
18.467937,31.84,21.530001
19.304226,32.919998,22.17
19.048697,33,22.540001
19.048697,32.470001,22.459999
19.521046,32.130001,22.440001
19.536528,32.27,22.01
19.366177,32.150002,22.1
19.575247,33.23,22.08
20.202456,33.689999,22.219999
20.039848,33.82,21.82
19.753344,34.619999,21
19.675911,33.900002,20.620001
19.358431,33.709999,20.940001
19.025465,33.900002,21.98
19.505558,34.169998,22.959999
19.575247,34.57,23
19.706886,35.279999,21.440001
19.846266,35.259998,21.360001
19.451347,33.610001,21.950001
19.056438,33.810001,21.370001
19.242283,34.400002,21.66
19.737854,34.59,21.58
21.046488,34.610001,22.01
21.170383,34.43,22.32
21.154888,34,22.15
21.418165,34.279999,22.01
21.387197,33.59,22
21.650469,33.689999,21.940001
21.565294,33.220001,21.75
22.324142,33.869999,21.540001
22.556442,35.360001,23
23.09074,34.77,23.280001
23.121714,34.400002,23.24
22.966845,34.34,23.26
22.742287,33.68,23.16
23.20689,33.639999,23.360001
23.570829,33.529999,23.440001
23.508879,32.91,23.120001
23.485647,33.259998,23.290001
23.694719,33.900002,23.389999
22.695822,34.099998,22.959999
22.835207,34.380001,22.870001
22.672596,34.52,22.860001
22.169275,35.189999,22.709999
22.122816,36,22.75
22.285433,36.990002,23.200001
22.509987,36.98,23.950001
22.324142,38.029999,24
22.029896,37.950001,24.1
21.634989,37.52,23.51
21.751131,37.509998,24.209999
21.81308,38.299999,24.700001
21.650469,37.740002,24.24
22.1383,38.130001,23.93
22.084099,39.169998,24.33
22.045382,39.48,24.5
22.122816,39.240002,24.709999
22.091841,38.419998,24.93
22.107328,37.889999,24.98
22.200245,38.450001,25.02
21.487858,38.27,25.66
21.495604,37.040001,25.59
21.433653,39.279999,23.01
20.984535,38.540001,23.76
20.527679,35.16,23.1
20.992279,36.110001,23.6
20.3883,34.380001,24.08
20.775471,34.43,23.76
21.216843,35.099998,23.940001
21.023256,34.830002,23.190001
21.069717,34.650002,23.25
20.976797,35.580002,23.309999
21.35622,36.650002,24.299999
21.611752,37.689999,24.24
21.588524,38.23,24.42
21.681444,38.470001,24.92
21.921486,39.099998,25.030001
21.967951,39.119999,23.030001
21.735645,38.98,24.08
21.805338,36.849998,23.84
21.844051,35.290001,23.57
21.712416,35.150002,22.82
21.758875,35.080002,22.530001
22.610647,35.950001,22.790001
22.169275,36.009998,22.549999
21.851793,36.619999,22.809999
21.805338,37.529999,22.889999
21.797594,37.860001,22.879999
21.727901,38.16,23.459999
21.542068,37.889999,23.139999
21.526573,43.93,22.860001
21.627239,44.34,23.34
21.526573,41.099998,23.129999
21.480114,42.009998,22.84
21.309755,41.369999,22.77
21.363966,41.830002,22.709999
21.317507,40.5,22.709999
21.967951,41.860001,22.85
23.013302,43.59,22.74
22.935869,43.75,22.530001
22.386091,43.299999,20.4
22.819717,45.59,20.959999
22.66485,45.450001,20.5
22.440296,46.970001,20.59
22.57193,47.830002,20.1
22.649366,50.189999,20.07
23.113966,51.009998,20.360001
23.578568,50.43,21.450001
23.779894,52,24.940001
23.617285,51.200001,25.08
23.841843,54.939999,25.76
23.880558,53.990002,25.74
23.369499,53.279999,25.360001
24.128347,54.110001,25.860001
24.856224,54.549999,25.85
24.63941,59.5,26.15
24.507774,55.509998,26.9
24.840734,55.790001,27.02
24.507774,69.400002,26.940001
24.329674,76.760002,26.709999
24.004457,87.800003,26.4
24.430338,83.239998,26.780001
25.018833,84.839996,27.219999
25.080786,92.25,28.02
25.878349,91.5,29.01
26.095163,89.940002,29.26
25.862869,87.589996,28.85
25.73123,87.239998,27.74
25.436979,92.730003,27.219999
25.452467,97.080002,27.040001
26.296494,110.330002,26.9
26.36618,104.629997,26.93
26.823042,104.949997,27.370001
26.242289,97.760002,27.16
26.652685,92.589996,26.99
27.070831,94.839996,26.49
26.342955,95.370003,25.98
26.668175,97.349998,26.190001
27.125044,102.040001,27.08
26.900475,100.050003,26.67
26.273266,94.470001,26.07
25.901581,97.730003,26.01
26.714636,98.18,26.469999
26.552031,100.300003,26.52
26.118393,102.199997,27.299999
26.335213,103.389999,27.639999
26.06419,104.68,27.15
25.212423,100.650002,25.98
24.941402,99.550003,26.41
24.329674,101.489998,26
24.63941,102.400002,26.76
25.204678,105.720001,27.42
25.630564,109.25,27.219999
25.793171,107.360001,27.65
26.327471,117.18,28.059999
26.4049,117.82,27.700001
26.435873,115.239998,27.49
26.846277,120.089996,27.549999
26.823042,121.610001,28
27.039848,123.449997,28.34
27.35733,122.269997,29.49
27.984547,125.610001,30.389999
28.185881,129.899994,30.75
28.263306,127.260002,30.780001
28.015524,109.050003,29.559999
28.154894,120.25,31.059999
28.52659,119.029999,30.860001
28.348494,119.68,31.200001
28.464645,122.43,31.459999
28.348494,122.739998,31.450001
28.758884,121.699997,30.860001
28.712427,124.07,31.809999
28.394949,129.389999,33.419998
28.170393,134.619995,31.99
28.263306,131.740005,32.48
27.775475,134.279999,32.509998
28.240082,135.550003,33.720001
28.611765,138,33.779999
28.456896,144.679993,33.5
27.845169,142.149994,33.349998
27.47349,134.229996,32.759998
27.883886,153.479996,33
27.891634,153,33.040001
27.860653,147.380005,32.68
27.752239,145.429993,33.200001
27.543175,139.360001,33.700001
26.753355,139.669998,33
26.621714,142,33.119999
26.70689,144.899994,32.380001
26.939194,149.580002,32.77
26.737862,147.860001,32.73
27.094067,157.100006,33.299999
27.148264,161.839996,33.439999
27.039848,164.220001,33.240002
26.087421,167.009995,32.139999
26.265518,166.449997,32.41
26.675924,166.059998,32.009998
26.389408,169,32
26.435873,168.940002,32.02
27.759995,170.619995,32.98
28.131676,169.929993,34.669998
27.992296,166.970001,34.240002
28.247822,160.699997,35.169998
28.650475,166.369995,35
28.14716,163.520004,34.5
28.162638,164.929993,34.400002
27.922606,165.539993,34.380001
28.046482,166.580002,34.91
28.425922,166.229996,35.189999
29.099594,166.220001,36.220001
28.828569,177.919998,37.93
28.518841,183.389999,36.59
28.751141,181.110001,36.689999
28.991186,182.330002,37.48
28.789862,185.240005,36.869999
28.611765,188.639999,37.360001
28.162638,190.899994,36.799999
27.852913,193.369995,36.419998
27.806442,193,37.84
27.829676,180.949997,37.75
27.326365,173.309998,38.380001
27.643847,180.979996,38.349998
27.24118,183.070007,37.439999
26.490078,174.729996,35.540001
26.451363,168.779999,36.16
26.985661,172.929993,38.529999
27.372816,178.699997,38.330002
27.35733,179.720001,38.360001
26.869509,183.940002,38.59
27.202467,183.559998,39.310001
27.612871,182.800003,39.220001
27.79097,183.399994,40.810001
27.48897,172.600006,41.040001
27.419281,171.539993,40.669998
27.140522,164.5,41
27.589636,173.149994,40.790001
27.558662,169.660004,38.189999
27.721277,162.860001,38.16
27.922606,164.470001,37.790001
28.828569,159.220001,37.310001
28.611765,159.940002,36.860001
28.952469,162.169998,38.029999
29.014418,175.199997,37.709999
28.720163,176.809998,37.52
28.333002,151.160004,38.27
27.814194,139.770004,36.09
28.387199,137.949997,36.349998
28.402693,144.699997,36.799999
28.387199,137.800003,36.310001
29.765524,138.699997,37.09
29.811987,137.600006,38.639999
30.021057,135.449997,38.529999
29.866186,121.580002,38.779999
29.432552,126.089996,36.970001
29.184765,121.110001,36.150002
29.517735,122.099998,38
29.138313,121.379997,38.470001
29.076359,120.839996,38.73
29.169279,120.5,39.889999
30.083008,126.940002,39.610001
29.990082,127.279999,39.75
30.284321,124.169998,40.07
29.533228,144.699997,39.849998
29.974594,138.949997,40.099998
30.268843,140.479996,40.970001
31.105127,137.360001,39.939999
31.670395,141.600006,39.84
31.28322,142.190002,39.919998
31.097385,139.649994,37.419998
31.012213,147.470001,38.16
31.004467,147.649994,38.209999
32.088539,147.940002,38.330002
32.158218,152.460007,38.389999
31.956905,147.979996,39.330002
31.205784,140.720001,39.68
31.740088,143.240005,40.290001
31.97238,143.550003,41.849998
31.654909,151.410004,41.880001
32.150478,155.5,42.939999
31.701365,151.119995,42.580002
31.507784,152.440002,42.169998
31.647161,150.429993,43.150002
31.709108,150.100006,42.630001
30.640522,149.559998,42.900002
31.28322,147,42.91
31.128359,149.360001,43.529999
31.298708,151.279999,42.25
31.352921,147.529999,44.220001
30.996714,145.720001,44
30.648268,139.339996,42.650002
30.988974,161.270004,43.779999
30.493404,164.130005,43.360001
30.199152,170.970001,43.759998
29.88942,170.009995,43.02
29.688091,176.679993,43.66
30.044285,178.559998,42.689999
29.75004,181.5,40.869999
28.518841,174.600006,38.02
28.464645,169.619995,37.220001
28.503355,178.380005,37.68
28.14716,175.229996,35.34
28.52659,182.839996,36.939999
27.938091,181.410004,36.75
27.295397,177.110001,35.009998
27.736757,178.729996,36.279999
27.287645,174.419998,36.669998
27.279896,178.380005,38.639999
27.961317,186.529999,39.259998
27.02437,196.559998,39.450001
27.295397,196.619995,40.169998
27.535433,195.320007,40.389999
27.256672,199.630005,40.290001
27.837425,198.229996,40.290001
28.11619,203.699997,41.209999
27.899374,193.639999,39.830002
28.271046,209.970001,37.290001
28.410429,209.600006,36.66
28.302025,217.649994,36.470001
27.953568,248,36.200001
28.518841,253,37.759998
28.472383,252.539993,37.68
28.031004,244.809998,37.5
28.038754,250.559998,32.23
28.596277,254.839996,34.310001
29.053141,252.660004,34.310001
29.068623,252.940002,34.290001
29.184765,246.210007,33.18
28.720163,238.839996,33.380001
27.24118,234.410004,32.490002
26.993401,241.490005,31.84
26.397156,237.789993,29.16
26.631525,230.970001,30.389999
27.053375,233.979996,30.01
27.475235,240.039993,32.029999
27.272112,235.839996,31.42
27.545536,234.910004,30.379999
27.350233,228.889999,30.01
27.451786,220.169998,29.16
26.959625,220.440002,29.67
26.733074,212.960007,29.440001
26.959625,207.320007,28.75
27.131496,212.369995,29.469999
26.889317,208.449997,30.190001
26.826822,216.970001,31.49
27.248678,230.289993,31.190001
27.686161,225.399994,30.459999
27.193996,212.229996,29.959999
26.647146,207.520004,28.5
26.975252,215.460007,29.02
26.264357,216.929993,29.540001
26.01436,204.190002,28.379999
24.944103,203.779999,28.01
25.428452,198.089996,27.51
26.061234,193.910004,27.379999
26.537777,199.110001,28.09
26.545584,198.119995,29.950001
26.545584,204.380005,29.370001
26.740892,218.639999,29.059999
26.865885,207.990005,28.26
26.694017,207.860001,26.690001
26.342474,199.850006,24
26.373722,198.509995,24.01
26.553398,206.919998,25.59
26.936195,207.889999,26.49
27.264305,207.729996,26.540001
27.318991,210.910004,26.530001
27.14712,216.610001,26.84
27.14712,207.279999,27.01
27.397108,201.350006,27.27
27.225237,178.589996,27.84
26.740892,182.259995,28.299999
27.201805,184.669998,29.280001
27.459606,190.160004,29.540001
27.295546,190.619995,29.950001
26.842451,188.589996,29.84
26.561213,191.559998,30.030001
26.756512,196.089996,30.559999
25.834682,195.300003,30.85
26.139359,199.449997,31.6
26.108107,204.880005,32.099998
26.272156,207.300003,32.209999
26.514332,211.559998,32.73
27.022129,210.240005,31.9
26.91275,210.240005,31.91
27.014317,207.770004,31.139999
27.233057,204.699997,31.67
27.545536,204.940002,32.400002
28.529865,203.990005,32.98
28.334558,206.899994,33.150002
28.791449,208.169998,33.720001
28.752058,205.309998,34
28.673286,202.300003,33.950001
28.452723,204.470001,34.16
27.980087,203.520004,34.099998
28.066742,206.419998,33.73
28.405464,224.610001,33.950001
28.641779,231.669998,34.09
28.594511,227.119995,34.119999
28.649647,227.789993,33.790001
28.531492,229.589996,35.560001
28.885967,237.220001,35.599998
28.815079,232.5,34.610001
29.21682,236.889999,34.900002
29.067148,235.600006,35.029999
28.846588,239.059998,35.16
28.594511,240.059998,35.639999
29.610682,239.720001,35.009998
29.728836,229.429993,34.639999
29.728836,229.25,34.560001
29.492521,222.660004,33.380001
29.602806,219.070007,31.26
29.910015,223.059998,32.150002
29.736715,219.460007,31.690001
29.894262,218.130005,32.110001
29.697327,226.699997,32.490002
29.602806,219.580002,32.119999
29.524036,217.160004,31.85
29.224693,215.399994,30.030001
29.468885,220.020004,30.74
29.48464,220.539993,29.639999
29.744591,219.580002,30.200001
29.468885,222.490005,30.76
28.153381,223.539993,31.190001
27.625605,223.570007,30.530001
27.491693,224.820007,30.16
27.137218,225.009995,30.440001
27.026934,228.919998,31.25
26.640947,223.300003,30.280001
26.341608,233.270004,30.280001
26.475523,238.520004,30.52
26.278591,238.490005,29.57
26.310099,248.929993,28.879999
26.081667,252.389999,28.440001
26.412506,248.130005,29
26.625191,259.320007,29.01
26.546425,259.959991,28.85
26.743351,260.309998,29.030001
26.743351,261.380005,29.030001
26.6567,262.01001,28.41
27.097832,259.940002,29.040001
27.231739,256.76001,30.719999
27.200232,255.710007,30.17
27.255373,254.339996,29.809999
26.971796,256.779999,29.08
27.310511,262.549988,29.43
27.452299,261.73999,29.290001
27.342028,263.25,29.02
27.318388,263.859985,28.34
27.412918,269.700012,28.43
27.412918,284.119995,29.059999
27.152971,281.190002,30.66
27.279007,286.040009,29.93
27.239622,277.390015,31.6
26.413223,282.109985,31.49
26.278128,278.480011,31.01
26.452944,281.100006,30.799999
26.707224,280.309998,30.440001
26.43705,279.200012,31.559999
26.723114,253.860001,29.9
26.78668,260.73999,31.049999
26.897926,261.380005,30.02
27.04096,263.820007,29.74
26.969442,259.320007,29.42
26.572134,250.029999,28.74
26.397322,250.410004,28.9
26.739012,252.139999,29.969999
26.119205,246.949997,29.4
26.35759,246.600006,29.67
25.602697,245.259995,28.219999
25.380211,242.679993,27.799999
25.817249,240.240005,26.450001
26.365538,251.419998,26.98
26.826418,255.210007,27.049999
26.81847,260.619995,27.01
25.245119,259.570007,26.17
25.570915,259.279999,26.18
24.657104,257.01001,25.559999
24.069077,236.910004,24.440001
23.671774,224.589996,25.08
23.926052,227.059998,25.32
23.592312,229.699997,25.440001
23.790958,226.350006,25.790001
24.029348,227.479996,26.309999
24.108812,230.470001,26.41
24.506123,235.339996,27.42
24.879593,231.100006,26.139999
24.577642,235.289993,27.6
23.870426,235.240005,27.780001
23.90221,221.669998,27.440001
24.768347,242.770004,28.58
24.410765,238.100006,28.370001
24.458448,238.660004,28.02
24.951113,241.699997,28.620001
24.776293,242.589996,27.809999
24.490231,238.929993,27.77
24.418715,230.970001,27.200001
24.927271,241.220001,26.459999
25.102089,240.199997,26.549999
24.728617,241.929993,26.790001
24.911379,251.080002,26.389999
24.967005,249.100006,26.620001
25.149763,251.699997,25.98
25.261015,258.679993,26.450001
25.674217,253.979996,26.120001
25.642433,257.700012,25.860001
25.547079,247.740005,25.719999
25.531183,248.710007,26.15
25.531183,242.779999,26.67
25.578863,246.720001,26.469999
25.610645,248.089996,26.040001
25.483511,248.440002,26.110001
26.564188,244.520004,24.92
26.174828,231.639999,23.98
26.429106,231.429993,23.74
26.731062,229.300003,23.58
26.294024,228.279999,22.290001
26.961502,223.710007,21.91
26.199881,214.360001,19.43
26.3041,216.889999,20.110001
25.630663,209.839996,19.139999
25.807041,208.880005,18.959999
25.309978,207,19.309999
24.853003,204.039993,17.68
24.636547,197.809998,16.82
24.973261,205.820007,17.299999
25.45429,218.259995,18.09
26.3041,219.289993,18
26.640818,222.600006,18
26.905384,220.970001,17.98
26.801167,222.259995,17.66
27.04167,227.820007,18.16
27.739159,225.710007,18.07
28.132004,222.229996,18.4
27.987682,222.410004,17.959999
27.93157,219.309998,18.370001
27.522697,210.089996,17.41
27.939589,211.279999,17.530001
28.733286,210.949997,17.370001
29.021896,210.619995,18.42
28.532856,206.660004,18.24
28.733286,202.210007,17.66
28.260275,204.25,17.68
27.498652,192.690002,18.4
26.801167,191.869995,17.719999
27.001591,193.070007,17.969999
27.202015,191.929993,16.41
27.169947,196.570007,16.51
27.113827,201.619995,17.459999
27.057713,201.289993,17.190001
27.01762,206.550003,16.25
26.793142,205.979996,16.209999
26.328152,199.369995,15.41
26.5847,205.199997,15.44
26.151772,203.600006,14.89
26.544609,210.940002,14.91
27.2421,218.360001,15.63
28.725264,218.550003,15.42
29.061977,220.990005,16.24
28.861555,217.360001,16.120001
28.861555,217.479996,15.87
30.080156,216.289993,15.73
30.200409,212.800003,16
30.481005,202.880005,16.41
30.160328,203.770004,17
29.855675,204.350006,16.65
29.81559,204.460007,16.85
30.07214,211.710007,16.870001
30.18438,217.110001,17.01
30.216442,207.339996,16.25
30.264549,204.110001,16.35
30.352736,203.759995,16.370001
30.11223,207.190002,16.540001
29.911793,203.339996,16.450001
30.152313,197.330002,16.02
30.304636,199.559998,15.95
30.120245,202.440002,15.76
30.152313,200.630005,15.48
29.534998,193.880005,15.13
30.440279,190.880005,14.68
30.351366,190.320007,14.12
30.537273,193.740005,14.5
31.062662,191.070007,14.53
30.755508,188.679993,14.68
31.183908,195.699997,14.21
30.949509,194.729996,14.49
31.119244,200.710007,14.49
31.240492,195.649994,14.46
31.418318,198.080002,14.63
31.191996,199.630005,14.74
30.593853,201.720001,15.27
30.213959,194.300003,15.27
30.189707,190.410004,15.19
30.157375,185,15.45
30.456448,190.570007,15.3
30.310949,188.770004,15.17
29.69665,187.589996,15.77
29.502666,191,16.24
29.631985,203.100006,17.18
28.880278,203.25,17.02
29.187422,207.669998,17.48
29.332914,210.089996,17.99
29.559244,210.899994,17.84
29.421833,209.779999,17.84
29.486496,207.460007,17.91
29.858297,207.830002,20.4
29.97147,206.699997,20.9
29.615818,206.789993,20.59
29.995726,205.270004,20.540001
30.036135,209.410004,20.440001
30.036135,219.440002,20.700001
29.033848,218.600006,20.75
28.767115,218.429993,20.67
28.920691,231.550003,20.27
28.872192,230.479996,19.200001
28.702452,232.449997,19.68
28.338722,226.050003,19.24
28.629698,226.029999,19.57
28.613535,230.509995,19.190001
28.298307,232.949997,19.42
28.104317,230.429993,19.6
28.193228,236.800003,19.15
28.548872,236.610001,19.639999
28.46805,239.490005,19.309999
28.080065,244.740005,19.200001
28.128567,243.179993,19.43
28.007318,244.100006,19.49
28.217472,248.839996,19.01
28.330633,248.75,19.35
28.38722,247.139999,18.75
28.306387,244.350006,18.59
28.759029,245.619995,18.610001
28.856022,247.729996,18.5
28.710533,247.460007,18.17
28.944946,247.429993,17.93
29.413746,251.449997,18.33
29.074263,250.800003,18.030001
29.244005,249.449997,18.07
29.276335,248.350006,18.93
29.050013,248.990005,18.17
28.726698,245.919998,17.57
28.38722,249.139999,17.559999
28.575052,256.290009,17.24
28.795547,256,17.360001
29.065048,250.699997,17.4
29.032383,251.410004,17.440001
29.163044,250.690002,17.629999
28.958878,250.380005,17.25
29.081388,253.119995,17.190001
29.24472,260.410004,17.139999
29.563211,261.890015,16.93
29.48971,262.51001,16.77
29.555042,259.790009,16.26
29.644878,267.670013,15.93
28.713881,265.170013,15.95
28.338217,268.790009,15.9
28.076887,267.089996,15.81
27.137718,262.019989,14.84
27.219389,268.26001,15.22
26.982557,269.149994,15.03
27.137718,280.019989,15.38
26.664057,279.720001,14.91
26.835558,267.880005,14.93
25.471729,254.960007,14.47
25.324728,257.920013,14.81
25.643227,259.149994,14.85
25.871895,262.160004,15.33
25.945396,265.649994,15.47
25.667727,263.140015,15.19
24.998064,266.679993,15.45
25.030731,274.660004,15.78
24.908232,282.26001,15.48
24.818398,266.769989,15.49
24.744896,267.869995,15.15
25.724895,267.200012,15.26
25.365564,265.410004,14.84
25.357391,253.009995,14.53
25.577892,264.820007,14.89
26.09239,263.820007,15.41
26.059729,266.790009,14.38
25.733065,266.149994,13.91
25.871895,259.98999,13.65
25.741232,266.279999,13.76
25.806561,270.130005,13.75
26.018892,246.130005,13.31
25.920891,242.509995,13.33
26.084229,241.139999,13.65
25.177731,237.369995,13.21
25.210394,238.169998,13.06
25.365564,242.509995,12.77
25.716726,243.149994,12.82
25.814726,254.990005,12.49
25.896391,260.720001,12.46
25.83106,255.25,11.91
25.185892,242.179993,11.46
24.173231,230.770004,11.01
22.703236,218.869995,10.18
22.278576,220.029999,10.57
22.948238,224.839996,10.84
23.340233,242.990005,12.08
23.683237,248.479996,12.35
24.042566,249.059998,12.2
23.389236,238.630005,11.71
23.854733,247.690002,11.73
23.773071,245.570007,11.74
23.585236,241.929993,11.5
24.401897,248.169998,11.51
24.189566,248.910004,11.33
24.801336,248.479996,11.45
24.925337,250.240005,11.27
25.396564,253.190002,12.05
25.619774,253.570007,12.24
25.793388,262.25,13.32
25.884323,262.070007,13.1
25.222956,260.619995,12.49
25.313898,264.200012,12.2
24.826138,260.940002,11.57
24.569853,261.059998,11.16
24.338371,263.119995,10.85
24.313572,256.910004,10.69
23.610867,248.429993,10.3
24.098627,246.649994,10.77
24.817869,248.399994,10.73
25.355227,239.880005,10.73
26.231544,247.570007,11.34
26.256344,246.149994,12.24
26.636631,241.460007,11.98
27.3228,231.960007,11.83
27.636953,226.720001,12
27.240131,220.690002,12.37
27.298,215.580002,12.19
27.388939,219.25,12.76
27.554281,216.880005,13.33
27.546011,221.309998,13.6
27.405474,227.009995,13.6
27.479879,228.100006,13.53
27.678288,213.029999,13.35
29.282103,210.089996,13.04
29.282103,211.720001,12.86
29.720257,209.089996,13.22
29.488785,215.259995,14.05
28.910093,210.350006,14.99
29.11677,212.960007,15.71
28.72821,211.630005,15.62
28.860477,206.929993,16.1
29.406115,213.789993,16.389999
29.579725,208.350006,16.360001
29.282103,231.630005,16
29.298635,231.770004,15.74
29.554928,232.360001,15.83
29.488785,225.330002,16.07
29.447447,216.5,15.92
29.389582,219.080002,15.93
29.009295,212.940002,15.23
28.36446,207.190002,15.17
29.075428,214.309998,15.34
29.1085,214,16.27
30.141891,221.070007,17.16
29.877338,221.800003,17.07
30.042679,220.009995,17.51
29.82774,217.75,17.049999
29.943474,218.25,17.09
30.042679,229.639999,17.02
30.06748,231.610001,16.57
29.926939,230.259995,16.629999
29.976543,237.190002,15.89
29.538387,231.990005,16.370001
29.323446,232.710007,16.07
29.968271,230.380005,15.79
29.869072,231.130005,15.3
29.331709,226.720001,15.06
29.306911,224.520004,14.9
29.455721,227.070007,15.29
28.562868,217.020004,14.4
28.430592,218.580002,14.46
28.5546,221.089996,15.12
29.356598,234.509995,15.19
28.496128,233.389999,15.37
28.128534,230.460007,15.32
28.262207,232.559998,15.64
28.646503,229.949997,15.8
29.055847,229.699997,16.030001
28.905474,230.570007,16.1
28.830286,228.949997,15.63
28.821938,237.190002,15.82
28.679916,238.089996,15.43
28.412584,240.009995,15.72
27.827789,223.410004,15.22
27.092615,223.429993,15.41
26.123535,219.039993,14.97
25.054197,215.649994,13.96
24.669907,211,13.42
25.271406,207.850006,12.86
25.313177,209.970001,13.09
25.471909,200.309998,12.98
25.313177,206.179993,13.18
24.703321,204.990005,12.22
24.561302,204.720001,11.93
24.578009,198.699997,11.8
24.686613,199.970001,12.18
24.46105,202.550003,13.13
24.419277,196.380005,12.57
24.770155,193.559998,13.26
24.402567,188.070007,13.22
24.243843,189.699997,13.13
24.761805,191.199997,13.42
25.154453,196.940002,13.6
24.770155,182.779999,12.78
24.160299,173.479996,13.23
23.926382,175.330002,13.55
23.842842,162.600006,12.88
23.959801,147.990005,12.77
23.283108,148.25,12.5
23.149445,143.669998,12.78
22.472754,150.470001,12.61
23.149445,151.039993,12.95
23.876257,155.169998,13.57
24.452696,168.679993,13.64
24.252201,166.770004,13.08
24.043343,166.580002,12.67
24.753447,177.740005,13.33
24.544594,177.210007,12.91
24.093464,179,13.17
24.644842,187.429993,12.88
24.753447,190.339996,12.98
24.594715,191.929993,12.92
25.070911,186.350006,13.58
25.187862,188.339996,14.18
25.956446,195.740005,13.74
26.207077,201.039993,14.48
26.390869,205.289993,14.54
25.630638,202.600006,13.72
25.833651,208.720001,13.88
26.070501,205.179993,13.63
26.442696,207.5,14.26
26.375029,215.149994,14.74
26.265055,218.339996,14.05
26.806435,221.929993,15.06
27.034822,226.380005,15.41
27.034822,232.740005,15.19
27.136335,238.320007,15.02
26.98407,234.240005,15.27
26.484989,222.580002,14.98
26.188927,227.75,15.08
26.239679,230.259995,14.91
26.383486,230.130005,15.29
26.214302,226.889999,15.4
26.5865,229.770004,15.32
25.774435,237.589996,15.38
25.292276,246.990005,15.06
25.038509,255.470001,15.08
25.326113,265.420013,15.45
24.886248,257.200012,15.21
24.843954,250.070007,15.05
24.979296,249.919998,15.68
25.131556,247.820007,16.76
26.036665,254.529999,16.75
25.985912,251.860001,16.84
25.850573,254.509995,16.59
26.484989,253.880005,17.17
27.043278,247.369995,17.51
27.22938,249.970001,18.209999
27.626951,248.289993,18.129999
27.220921,253.75,18.08
27.02636,251.820007,17.860001
27.22938,253.740005,18.110001
27.203999,251.470001,18.530001
27.440851,247.710007,19.870001
26.899481,240.759995,20.469999
26.857185,241.800003,20.68
26.434235,232.320007,20.18
25.875946,222.559998,19.969999
25.833651,211.529999,19.969999
26.188927,214.929993,19.879999
26.036665,208.919998,19.24
26.518826,208.690002,19.59
26.290432,208.960007,19.690001
26.375029,207.279999,19.58
25.816734,207.610001,19.52
25.943619,208.289993,19.809999
25.909784,204.660004,19.690001
26.01129,211.169998,19.120001
25.647554,215.210007,18.99
25.859028,220.279999,19.219999
25.875946,216.220001,19.16
26.265055,217.910004,19.48
26.772596,219.580002,19.77
26.468073,225.119995,19.85
26.552666,223.039993,19.91
26.459616,223.229996,20.6
25.562963,219.559998,20.559999
25.596802,218.960007,20.629999
25.038509,218.990005,20.889999
25.368408,220.679993,21.459999
25.571423,232.339996,21.93
25.331558,235.520004,23.08
25.151661,229.360001,23.08
24.894663,218.789993,21.84
24.911791,217.869995,21.48
24.697628,214.960007,21.110001
24.723326,217.699997,21.18
24.860394,217.929993,21.09
25.040293,215.470001,21.43
25.400089,219.699997,21.809999
25.280157,219.610001,21.540001
25.117392,196.660004,21.799999
25.545725,196.399994,22.08
24.286425,193.149994,21.389999
23.56683,198.550003,19.9
23.763865,201.789993,20.93
24.132227,210.190002,21.469999
24.243595,212.279999,21.85
24.749025,216.5,21.73
24.132227,213.979996,21.65
24.329262,214.440002,21.559999
24.620523,215.940002,21.68
25.408661,216.779999,22.08
25.811291,224.779999,22.07
26.213923,224.649994,22.77
26.239624,222.529999,22
26.350992,221.529999,21.969999
26.359554,220.399994,21.43
26.445219,226.25,21.5
26.770752,225.259995,21.049999
26.976349,228.360001,21.389999
27.438953,220.5,21.26
27.550318,222.270004,21.23
27.464649,230.009995,21.02
27.541758,229.509995,21.129999
27.430386,228.490005,21.709999
26.548019,230.610001,22.33
27.01919,234.789993,21.65
26.813585,230.009995,21.26
25.639961,227.199997,21.139999
25.905519,225.789993,21.049999
25.99119,230.610001,21.459999
26.385258,230.029999,21.77
26.453789,226.160004,21.889999
26.616552,229.080002,22.389999
26.770752,225.649994,22.360001
27.199085,224.910004,23.24
27.044886,225.610001,23.209999
27.293316,225.589996,23.41
27.16482,223.610001,23.35
27.284752,223.240005,22.870001
27.027754,223.509995,22.77
27.26762,225,22.48
27.301886,222.929993,22.129999
27.327583,224.839996,22.440001
27.224787,222.619995,22.370001
27.01919,220.960007,22.139999
27.010622,219.990005,22.139999
27.250486,215.199997,22.219999
27.130554,211.339996,22.110001
27.344719,212.009995,22.040001
27.241922,200.770004,22.190001
27.550318,197.779999,22.389999
27.516052,202.830002,22.059999
27.64609,201.710007,22.01
27.490042,197.360001,21.85
26.423729,194.470001,20.309999
27.030575,198.300003,20.83
26.822515,196.050003,20.379999
26.623123,196.410004,20.32
26.978563,200.419998,20.5
26.84852,205.399994,20.639999
27.498711,206.339996,20.77
27.438026,204.639999,20.700001
27.836809,205.220001,21.540001
28.07955,206.429993,22.07
27.84548,207.449997,21.57
27.568068,208.990005,21.360001
27.394684,205.809998,21.309999
27.654757,206.270004,21.450001
27.290655,200.699997,21.440001
27.542059,204.029999,21.049999
27.776129,213.699997,21.73
27.888828,211.410004,21.440001
28.330959,208.460007,21.98
28.200918,201,22.129999
28.036201,196.610001,22
27.871492,200.949997,21.76
27.64609,200.100006,21.4
27.464037,201.509995,20.16
27.316662,200.240005,19.08
27.628754,196.509995,18.93
27.360006,193.960007,19.040001
27.2213,199.100006,19.74
27.611412,203.559998,19.85
27.524721,199.100006,19.700001
27.776129,200.089996,19.5
28.591032,202.759995,19.639999
27.394684,202.339996,19.620001
27.377344,202.240005,18.950001
27.160612,204.009995,19.92
27.151943,199.970001,20.059999
27.394684,197.729996,19.690001
27.290655,190.789993,19.52
27.264645,188.020004,18.690001
26.935213,187.419998,18.5
27.013239,190.559998,18.32
27.758793,193.210007,18.65
27.507383,194.940002,18.74
26.839853,190.059998,20.030001
28.374304,185.350006,19.200001
29.49263,188.559998,18.709999
28.85111,181.449997,17.809999
28.98115,183.770004,18.27
28.80776,183.929993,17.610001
28.972477,188.660004,17.959999
28.60837,185.020004,18.469999
28.617037,184.520004,18.6
29.310581,191.169998,18.950001
29.353924,193.139999,19.030001
29.69202,196.649994,18.629999
29.518635,196.119995,18.48
29.969437,189.570007,18.459999
29.934759,189.399994,19.01
31.581903,181.880005,18.610001
30.697657,181.470001,18.42
30.618778,186.800003,19.219999
30.732706,185.850006,19.24
31.810581,193.149994,19.68
31.915743,192.289993,19.950001
33.00238,192.179993,19.860001
32.511646,192.429993,20.290001
32.739483,198.149994,21.059999
31.50387,198.690002,20.780001
31.758005,197.580002,20.58
31.871922,202.490005,20.25
31.898218,202.729996,19.959999
32.082241,208.789993,20.889999
31.915743,207.699997,20.290001
31.27602,208.449997,20.5
31.27602,213.339996,20.389999
31.144569,219.529999,20.370001
30.802811,219.740005,20.23
30.794043,214.679993,20.35
30.531145,213.690002,20.129999
30.802811,216.990005,20.43
32.502884,226.990005,20.440001
31.889448,226.75,21.879999
31.538918,229.009995,21.84
31.556442,231.279999,21.950001
32.730721,229.869995,21.57
33.256516,229.729996,21.49
32.870934,229.589996,21.309999
32.721958,237.75,21.5
32.695667,235.580002,21.92
32.835884,238.360001,21.959999
32.686909,243.759995,22.030001
32.432774,244.729996,21.870001
32.117302,248.919998,22.09
32.424004,254.610001,23.190001
33.545704,254.470001,23.700001
32.8797,252.509995,23.280001
32.432774,252.949997,23.629999
31.836872,250.630005,23.1
32.082241,251.929993,23.139999
31.670368,249.240005,23.360001
31.311075,251.550003,23.33
31.836872,251.330002,23.08
32.275043,257.769989,23.01
30.758989,257.480011,23.15
30.794043,262.079987,23.049999
30.741468,269.200012,22.959999
30.820339,269.230011,23.120001
31.127045,280.600006,22.969999
32.634331,280.980011,22.690001
32.494118,279.76001,23.139999
32.450302,268.950012,24.49
32.616798,272.230011,24.66
33.133835,277.390015,24.34
33.160126,273.51001,24.17
32.643097,255.990005,23.74
32.33638,257,23.58
32.660618,246.229996,23.18
32.283794,249.990005,22.5
32.800835,250.020004,23.35
33.090015,250.479996,23.23
33.501892,251.570007,23.57
33.221462,251.210007,23.57
32.8797,248.589996,23.49
32.994781,246.869995,23.43
32.605263,244.899994,22.85
32.605263,243.690002,23.030001
32.640667,246.169998,23.24
32.720345,258,22.799999
32.835434,255.729996,22.940001
32.826584,262.049988,23.74
32.162617,261.5,23.620001
31.613731,261.920013,23.48
30.586794,250.679993,22.18
30.44515,255.009995,22.42
30.330059,254.779999,22.24
30.595646,263.160004,22.41
30.728443,270.220001,22.17
31.480938,277.450012,22.43
31.463234,277.380005,22.24
31.348148,277.920013,22.059999
31.303881,278.299988,21.93
30.250385,298.519989,22.129999
30.338915,303.700012,22.139999
30.099884,295,22.610001
30.241533,298.700012,22.9
29.843153,302.540009,21.82
30.073328,312.390015,21.67
30.02906,308.709991,22.33
30.046764,296.839996,22.780001
29.559853,304,22.75
30.011356,301.440002,24.27
29.825439,300.25,24.01
29.913977,305.519989,23.32
30.188416,302.51001,23.309999
29.878563,305.600006,23.08
30.020208,308.029999,23.379999
30.091034,313.790009,23.92
30.436293,310.170013,24.860001
30.577944,308.630005,27.4
30.66647,314.070007,27.26
30.276939,322.829987,27.76
29.391655,318.890015,26.790001
29.639532,311.019989,27.209999
29.347389,295.459991,26.84
29.896261,308.350006,27.440001
30.073328,307.190002,27.66
30.330059,321.26001,27.379999
30.303499,325.220001,27.51
30.197262,323.100006,27.65
29.76347,324.809998,28.059999
29.940533,315.880005,28.9
29.586414,317.01001,28.99
28.701124,306.109985,27.58
28.74539,313.059998,27.77
28.966715,310.829987,28.51
29.143766,310.350006,28.629999
29.409359,303.859985,28.469999
29.391655,310.220001,28.469999
28.860477,316.829987,27.82
29.276566,325.140015,27.66
29.683798,335.100006,27.190001
30.037918,341.01001,26.48
30.480556,340.369995,27.09
30.498266,339.850006,26.32
30.507116,347.320007,27.17
30.480556,352.850006,26.860001
30.74016,359.649994,26.74
30.534266,370,26.75
30.74016,357.320007,26.25
31.044518,359.01001,25.940001
30.892334,375.950012,26.280001
30.981857,380.660004,25.74
30.972904,375.339996,25.77
30.695408,371.399994,25.57
30.749109,369.799988,26.6
30.793869,372.23999,26.25
30.552172,376.399994,26.780001
30.605881,382.609985,26.93
30.614832,383.450012,27.549999
30.901287,377.48999,27.17
30.623789,362.369995,26.879999
30.955,371.23999,27.620001
31.205648,360.75,26.629999
31.268311,361.609985,26.24
31.841215,352.619995,26.129999
31.33992,327.089996,25.969999
31.2146,308.829987,26.040001
31.27726,313.220001,26.25
31.501051,316.049988,26.51
31.689045,327.220001,26.5
31.778559,329.519989,27.33
32.100826,323.410004,31.68
32.539444,327.779999,31.620001
32.566315,319.570007,31.34
32.611065,328.23999,31.549999
32.646873,325.26001,31.1
32.593159,329.920013,31.360001
32.288799,328.399994,31.41
32.06501,342.519989,31.84
31.841215,339.600006,31.74
31.885979,343.850006,31.84
32.172428,334.459991,30.76
32.020256,335.070007,29.530001
32.208241,323.470001,28.98
31.116135,319.570007,28.98
31.169838,325.890015,28.360001
31.12508,347.089996,29.16
31.572672,356.910004,29.610001
31.59952,355.170013,29.959999
31.680086,365.220001,29.84
31.581615,363.529999,30.690001
31.223551,355.399994,29.280001
31.268311,357.869995,29.049999
31.751698,363.799988,29.73
31.814363,362.329987,30.25
32.00235,362.910004,30.950001
31.330973,351.920013,30.34
31.178797,347.459991,29.809999
31.250406,337.859985,29.719999
31.59952,341.350006,30.08
31.769604,352.769989,29.940001
31.796465,352.929993,29.879999
31.868073,348.049988,29.75
31.787506,345.660004,29.469999
31.796465,347.359985,29.49
32.06501,353.179993,29.85
32.709538,355.899994,30.01
33.443577,355.399994,32.209999
33.327202,349.589996,32.349998
34.06881,344.529999,32.099998
33.721642,350.609985,33.009998
33.803867,343.399994,31.870001
34.123623,363.690002,33.110001
34.616978,362.75,33.080002
34.909336,366.230011,32.439999
35.43924,377.640015,32.200001
35.521465,379.809998,32.639999
35.256512,385,32.32
35.357014,375.100006,32.240002
35.521465,373.910004,32.029999
35.722466,366.480011,32.630001
36.014812,351.089996,33.200001
36.818802,344.98999,32.490002
36.782249,345.25,31.709999
37.074615,340.970001,32.34
37.074615,339.600006,32.369999
36.891891,341.100006,32.950001
38.508999,341.529999,32.959999
39.696697,348.140015,34.18
39.998196,355.01001,33.43
40.062141,355.329987,33.759998
41.048851,356.880005,32.509998
41.414303,342.940002,32.470001
41.304665,355.589996,31.709999
41.542206,354.600006,31.83
41.012302,355.679993,32.34
41.91679,355.570007,32.439999
41.807152,350.600006,31.889999
41.131081,355.75,31.75
41.222435,359.649994,32.32
41.432568,351.809998,31.639999
41.670113,345.100006,31.16
41.249851,337.019989,30.77
42.464954,337.339996,32.82
41.222435,325.839996,32.009998
41.341209,326.170013,32.68
40.783897,320.869995,32.380001
39.623604,320.079987,33.099998
39.267296,331.529999,33.830002
39.404339,321.079987,34.029999
38.92012,299.26001,33.439999
38.682579,306.089996,33.009998
38.499855,302.779999,33.549999
38.09787,306.049988,32.580002
38.472446,304.390015,32.720001
38.472446,302.98999,31.92
38.974934,302.98999,30.99
39.806332,315.399994,31.620001
39.285572,308.700012,31.25
39.157661,311.299988,31.24
39.833736,312.5,32.400002
40.089554,315.049988,33.189999
41.00317,308.73999,33.709999
41.085396,317.809998,34.279999
40.464138,312.600006,33.900002
40.61945,315.549988,35
40.3545,316.809998,34.43
41.039711,317.549988,34.490002
40.025597,307.540009,32.950001
39.367794,308.850006,33.110001
39.093704,306.529999,32.529999
39.331249,305.200012,32.029999
39.102844,303.700012,32.369999
38.508999,313.26001,32.619999
38.739475,311.23999,33.02
38.739475,315.130005,32.889999
38.416798,328.910004,33.290001
38.287727,341.029999,32.889999
38.167877,339.029999,32.720001
37.623943,337.890015,32.049999
37.753017,343.450012,32.049999
38.859333,338.869995,32.32
39.172787,331.100006,32.259998
39.200447,328.980011,32.009998
38.868549,331.660004,31.440001
38.739475,325.200012,31.66
38.536655,317.290009,32.200001
38.084911,311.640015,32.450001
38.149445,315.359985,32.560001
37.789894,311.350006,32.75
38.536655,320.529999,33.639999
39.47702,317.25,34.16
40.69397,314.619995,34.220001
40.574112,316.579987,34.25
40.767723,336.410004,34.630001
40.610989,333.690002,34.34
39.642967,334.799988,34.540001
40.740063,337.950012,34.580002
40.629433,336.220001,34.599998
40.740063,340.059998,35.18
40.592556,347.160004,36.5
40.435825,344.570007,37.509998
39.781258,350.019989,37.200001
39.910328,351.559998,37.970001
39.993298,352.790009,38.029999
40.712406,345.890015,37.869999
39.790474,337.640015,38.400002
40.094719,342.850006,39.189999
39.661407,349.529999,38.5
39.366386,345.820007,38.099998
39.09903,354.309998,38.73
39.117466,349.25,39.41
37.799107,343.75,37.869999
36.453094,333.130005,36.16
38.591969,333.970001,37.299999
39.080589,345,36.98
37.568626,315.230011,35.200001
38.223194,310.420013,35.889999
38.721043,315.730011,36.5
38.167877,323.660004,37.419998
38.545876,322.309998,38.889999
38.582745,334.070007,41.959999
37.882076,335.48999,42.099998
37.58707,334.769989,43.049999
37.393463,333.299988,43.490002
37.716129,346.170013,42.389999
37.716129,352.049988,42.490002
38.296955,357.420013,42
37.033905,350.98999,42.049999
36.277924,343.059998,41.09
34.839714,330.929993,40.130001
34.50782,335.119995,41.259998
34.793621,333.350006,41.720001
34.968788,328.200012,42.66
34.793621,332.299988,43.16
35.240646,329.100006,43.75
35.240646,327.170013,43.09
35.231339,345.51001,42.98
35.398964,341.839996,42.290001
35.100948,326.630005,42.990002
35.249962,325.600006,42.27
35.333771,321.350006,42.299999
34.467659,313.559998,42.209999
34.355907,310.549988,42.779999
34.998508,316.529999,43.209999
33.853001,309.100006,41.84
32.754055,301.540009,41.150002
33.517727,304.179993,41.48
32.474667,279.179993,39.73
33.033451,257.779999,39.25
33.843689,266.130005,39.450001
33.303528,252.479996,39.139999
34.40247,267.529999,39.07
35.417595,286.940002,39.66
35.389656,305.720001,40.130001
35.091637,299.299988,39.389999
35.231339,289.660004,34.66
36.386154,304.700012,33.990002
36.320961,300.929993,35.009998
36.16264,294.079987,33.16
36.069508,300.339996,32.98
36.479282,291.209991,33.630001
36.525852,287.690002,33.029999
36.255764,293.350006,34.98
35.175457,300.079987,34.389999
35.026447,290.23999,33.720001
35.100948,283.369995,34.07
35.324467,283.459991,33.540001
35.492104,280.690002,33.009998
35.622482,285.480011,32.73
35.063702,294.079987,32.509998
34.216209,293.899994,33.360001
33.918194,299.920013,33.630001
33.713306,301.149994,34.25
33.66674,284.450012,33.950001
34.188263,294.089996,33.580002
33.843689,302.769989,34.080002
33.834373,301.970001,33.740002
33.778496,306.850006,34.32
34.607361,305.019989,35.27
34.355907,301.059998,35.09
34.11377,291.970001,34.860001
34.40247,284.179993,33.900002
35.417595,286.480011,34.189999
35.669048,284.540009,34.07
35.19408,276.820007,33.990002
35.47348,284.48999,34.630001
35.650417,275.01001,34.220001
35.249962,279.070007,34.540001
35.752865,277.850006,33.540001
35.669048,278.850006,33.290001
34.812248,283.76001,32.459999
35.231339,291.720001,33.34
39.766792,284.730011,33.52
40.232452,291.820007,34.400002
40.77261,296.73999,35.48
40.428024,291.130005,35.689999
40.9123,319.5,35.799999
41.34444,316.089996,34.310001
41.569908,317.660004,34.560001
42.133568,332.100006,34.990002
41.50415,342.769989,36.470001
41.757793,344.779999,36.41
40.931091,357.720001,36.82
41.2505,358.170013,35.959999
41.288082,370.829987,36.849998
39.700436,352.549988,35.990002
39.409214,362.220001,36.139999
38.629482,347.51001,35.360001
38.751606,333.630005,35.549999
38.150372,333.01001,34.560001
38.526146,342,34.950001
37.924904,344.5,34.549999
38.065823,349.929993,35.299999
37.013664,342.950012,35.900002
37.107601,335.070007,36.130001
36.609703,310.859985,35.110001
37.079418,309.160004,36.200001
36.788189,308.899994,36.950001
37.342461,318.51001,37.490002
37.661869,322.470001,37.049999
36.919708,318.959991,36.73
36.891533,316.709991,38.560001
36.976078,318.869995,37.91
37.163971,310.100006,37.549999
37.605495,322.690002,38.470001
37.455189,323.850006,38.060001
36.929111,320.230011,36.490002
37.013664,313.579987,36.82
36.891533,303.200012,37.139999
37.08881,297.429993,37.290001
35.369652,308.73999,38.619999
34.524155,306.649994,37.369999
35.256916,297.179993,36.869999
35.388435,290.170013,35.700001
35.613903,298.140015,35.959999
34.890537,300.839996,35.73
34.402031,349.540009,35.950001
35.444805,348.170013,35.59
35.322678,341.98999,35.290001
35.30389,379.570007,35.400002
35.37904,370.339996,32.139999
35.238129,352.450012,31.82
34.373848,355.48999,31.889999
33.969894,356.410004,32.040001
34.007473,347.640015,32.099998
33.763218,338.690002,31.34
34.092018,335.450012,31.690001
34.176571,305.5,31.27
34.54295,308.440002,31.629999
34.674469,321.899994,31.959999
33.941711,321.640015,31.49
33.509571,320.100006,30.860001
33.772614,322.820007,31.790001
35.40723,319.269989,32.09
35.059635,311.859985,31.68
34.87175,305.01001,32
34.157784,303.149994,31.200001
33.866554,301.660004,32.130001
33.44381,288.950012,32.02
33.152588,280.73999,30.99
32.649273,280.950012,29.709999
32.20293,263.23999,30.139999
32.164944,285.5,30.32
32.069981,279.440002,30.040001
32.345379,290.540009,30.18
32.525814,289.459991,31.34
32.886688,295.200012,32.34
33.257053,294.839996,31.09
33.333023,284.959991,31.68
33.931305,299.019989,32.419998
34.263691,298.329987,33
33.54195,299.100006,33
33.000641,299.679993,33.470001
31.861052,300.98999,33.450001
32.031994,309.579987,33.189999
31.975008,307.519989,33.279999
31.975008,264.769989,32.889999
32.478333,310.700012,32.470001
31.623636,301.019989,32.75
32.288399,294.799988,33.450001
32.525814,281.829987,32.310001
32.402359,261.950012,32.43
32.525814,250.559998,33.349998
31.006361,262.799988,33.330002
30.958876,256.880005,31.799999
30.683477,252.229996,31.93
30.189655,258.779999,32.73
30.503038,259.589996,33.200001
30.711966,276.589996,35.68
30.322607,271.779999,35.880001
29.515394,263.910004,29.49
29.629354,260,27.42
29.762308,260.950012,27.530001
30.503038,294.140015,26.780001
29.021572,288.5,25.809999
30.389082,314.859985,27
31.006361,330.899994,27.25
31.462196,334.850006,27.219999
31.851557,329.899994,27.559999
34.748009,337.320007,30.129999
34.634056,344.279999,30.74
34.216206,346.410004,29.700001
34.425133,341.399994,30.18
34.624557,341.059998,30.15
35.023415,348.160004,29.709999
34.729019,351.399994,29.1
33.902817,350.51001,28.209999
33.893318,331.279999,27.74
34.121246,338.730011,28.040001
33.456478,344,28.91
33.760372,348.440002,29.41
33.950302,354.309998,29.25
33.883823,353.470001,29.09
33.323524,347.48999,27.85
33.760372,338.190002,29.379999
34.121246,325.829987,28.309999
35.754654,346,28.959999
34.842983,343.920013,29.07
35.089897,347.869995,29.93
34.909458,341.170013,29.16
36.039551,350.480011,29.5
36.514381,358.48999,30.01
34.681538,359.700012,28.700001
34.259296,363.059998,28.6
33.290054,357.970001,28.68
33.030949,365.149994,27.91
33.290054,366.76001,26.85
34.240105,366.600006,28.690001
33.693104,376.790009,27.9
33.683506,365.709991,28.01
33.261265,348.420013,27.48
33.491577,337.029999,27.200001
33.520374,332.970001,27.26
32.887005,315.380005,27.280001
31.649061,319.769989,26.440001
31.063677,295.390015,27.08
32.167271,326.089996,27.790001
32.589516,316.130005,27.559999
32.551128,333.869995,27.91
